{"name": "Rock Paper Scissors Bot", "imageUrl": "https://static.vecteezy.com/system/resources/previews/000/690/865/non_2x/rock-paper-scissors-line-icons-vector.jpg", "color": "f1a2b3", "developerUid": "CDZBovJcR4azDXK3ClCTQLBoVro1", "description": "Wanna play Rock Paper Scissors Dynamite Water Bomb? \nDynamite beats everything except Water Bomb, Water Bomb beats Dynamite and nothing else. \ud83e\udea8 \ud83d\udcf0 \u2702\ufe0f \ud83e\udde8 \ud83d\udca6", "inputFile": "bot", "inputClass": "Bot", "memory": 256}